,,12 months to Q2 2011,,,,,12 months to Q3 2011,,,,,12 months to Q4 2011 ,,,,,12 months to Q1 2012,,,,,12 months to Q2 2012,,,,,12 months to Q3 2012,,,,,12 months to Q4 2012,,,,,12 months to Q1 2013,,,,,12 months to Q3 2013,,,,,12 months to Q1 2014,,,,,12 months to Q3 2014,,,,,12 months to Q1 2015,,,,,12 months to Q3 2015,,,,,12 months to Q1 2016,,,,,12 months to Q3 2016,,,,,12 months to Q1 2017,,,,,12 months to Q3 2017,,,,,12 months to Q1 2018,,,,,12 months to Q3 2018,,,,,12 months to Q1 2019,,,,
,,All categories,,,,,All categories,,,,,All categories,,,,,All categories,,,,,All categories,,,,,All categories,,,,,All categories,,,,,All categories,,,,,All categories,,,,,All categories,,,,,All categories,,,,,All categories,,,,,All categories,,,,,All categories,,,,,All categories,,,,,All categories,,,,,All categories,,,,,All categories,,,,,All categories,,,,,All categories,,,,
Area Code,Area,Count of rents,Average (£),Lower quartile (£),Median (£),Upper quartile (£),Count of rents,Average (£),Lower quartile (£),Median (£),Upper quartile (£),Count of rents,Average (£),Lower quartile (£),Median (£),Upper quartile (£),Count of rents,Average (£),Lower quartile (£),Median (£),Upper quartile (£),Count of rents,Average (£),Lower quartile (£),Median (£),Upper quartile (£),Count of rents,Average (£),Lower quartile (£),Median (£),Upper quartile (£),Count of rents,Average (£),Lower quartile (£),Median (£),Upper quartile (£),Count of rents,Average (£),Lower quartile (£),Median (£),Upper quartile (£),Count of rents,Average (£),Lower quartile (£),Median (£),Upper quartile (£),Count of rents,Average (£),Lower quartile (£),Median (£),Upper quartile (£),Count of rents,Average (£),Lower quartile (£),Median (£),Upper quartile (£),Count of rents,Average (£),Lower quartile (£),Median (£),Upper quartile (£),Count of rents,Average (£),Lower quartile (£),Median (£),Upper quartile (£),Count of rents,Average (£),Lower quartile (£),Median (£),Upper quartile (£),Count of rents,Average (£),Lower quartile (£),Median (£),Upper quartile (£),Count of rents,Average (£),Lower quartile (£),Median (£),Upper quartile (£),Count of rents,Average (£),Lower quartile (£),Median (£),Upper quartile (£),Count of rents,Average (£),Lower quartile (£),Median (£),Upper quartile (£),Count of rents,Average (£),Lower quartile (£),Median (£),Upper quartile (£),Count of rents,Average (£),Lower quartile (£),Median (£),Upper quartile (£)
,,,,,,,,,,,,,,,,,,,,,,,,,,,,,,,,,,,,,,,,,,,,,,,,,,,,,,,,,,,,,,,,,,,,,,,,,,,,,,,,,,,,,,,,,,,,,,,,,,,,,
E09000001,City of London,109,"1,713","1,365","1,647","1,950",106,"1,720","1,365","1,690","1,972",89,"1,641","1,343","1,517","1,950",116,"1,830","1,430","1,712","2,041",105,"1,810","1,430","1,712","2,058",117,"1,960","1,473","1,733","2,145",148,"1,941","1,560","1,733","2,123",165,"1,848","1,430","1,668","2,058",183,"1,767","1,473","1,647","1,950",167,"1,958","1,582","1,798","2,145",159,"1,971","1,517","1,863","2,232",143,"2,194","1,560","1,928","2,574",113,"2,400","1,681","2,102","2,509",90,"2,249","1,647","2,102","2,383",110,"2,213","1,625","2,145","2,492",110,"2,163","1,647","2,058","2,383",60,"2,102","1,712","1,950","2,383",40,"2,066","1,560","1,925","2,438",70,"2,189","1,712","2,117","2,383",100,"2,377","1,744","2,210","2,600"
E09000002,Barking and Dagenham,894,792,675,800,950,767,800,675,802,950,778,818,695,850,950,764,835,700,850,950,755,851,700,850,"1,000",646,866,725,850,"1,000",671,892,750,875,"1,001",693,902,750,900,"1,050",704,921,750,901,"1,075",537,864,700,822,"1,025",457,895,725,850,"1,050",681,965,780,950,"1,150",691,"1,006",800,"1,000","1,200",670,"1,099",897,"1,100","1,300",810,"1,132",900,"1,150","1,300",970,"1,171","1,000","1,200","1,350",910,"1,187","1,000","1,200","1,350",780,"1,184","1,000","1,200","1,350",740,"1,193","1,018","1,200","1,350",810,"1,192","1,000","1,200","1,350"
E09000003,Barnet,"4,054","1,202",650,"1,000","1,407","3,798","1,258",737,"1,062","1,450","3,606","1,325",780,"1,083","1,500","3,501","1,358",862,"1,148","1,517","3,024","1,382",901,"1,170","1,517","2,077","1,390",895,"1,170","1,517","2,076","1,401",926,"1,193","1,517","1,787","1,462",953,"1,200","1,517","1,737","1,460",970,"1,213","1,603","1,519","1,397",975,"1,250","1,603","2,319","1,461","1,001","1,278","1,600","2,673","1,476","1,040","1,300","1,600","2,795","1,550","1,105","1,350","1,699","2,850","1,669","1,127","1,387","1,759","2,680","1,693","1,150","1,400","1,800","2,820","1,588","1,170","1,395","1,700","2,360","1,507","1,148","1,350","1,650","2,100","1,508","1,158","1,350","1,690","2,380","1,535","1,200","1,376","1,700","2,810","1,548","1,175","1,365","1,700"
E09000004,Bexley,"1,042",795,650,775,950,910,807,650,800,950,991,839,675,800,995,872,845,675,800,995,759,857,695,800,"1,000",713,872,700,825,"1,000",717,853,650,825,"1,000",667,861,650,825,"1,000",738,880,700,850,"1,025",679,889,725,850,"1,050",718,902,700,850,"1,100",841,936,725,900,"1,100",793,985,795,950,"1,150",950,"1,036",825,"1,000","1,250",950,"1,057",850,"1,000","1,250",860,"1,086",900,"1,095","1,250",880,"1,082",900,"1,062","1,250",770,"1,044",850,"1,023","1,200",690,"1,026",850,"1,000","1,225",820,"1,084",875,"1,100","1,275"
E09000005,Brent,"1,989","1,218",750,"1,105","1,500","1,779","1,242",750,"1,148","1,517","1,793","1,287",802,"1,200","1,560","1,774","1,305",823,"1,200","1,550","1,740","1,321",850,"1,200","1,517","1,525","1,372",875,"1,250","1,560","1,448","1,364",900,"1,250","1,550","1,326","1,374",950,"1,278","1,560","1,035","1,276",910,"1,250","1,517",973,"1,304",950,"1,250","1,550","1,633","1,448","1,050","1,365","1,650","1,975","1,450","1,100","1,350","1,650","2,369","1,497","1,127","1,400","1,700","2,690","1,584","1,200","1,473","1,800","2,540","1,608","1,250","1,510","1,820","2,450","1,592","1,250","1,499","1,798","1,780","1,557","1,200","1,450","1,750","2,020","1,571","1,235","1,480","1,800","2,260","1,582","1,250","1,495","1,800","2,010","1,578","1,250","1,500","1,800"
E09000006,Bromley,"1,677",983,750,875,"1,100","1,969","1,021",775,916,"1,125","1,717","1,015",775,916,"1,150","1,885","1,038",775,950,"1,175","1,759","1,041",781,950,"1,175","1,573","1,045",781,950,"1,200","1,741","1,028",775,940,"1,175","1,614","1,026",775,950,"1,175","1,466","1,027",775,950,"1,200","1,193","1,094",825,"1,000","1,250","1,325","1,160",850,"1,050","1,300","1,570","1,180",895,"1,100","1,348","1,123","1,199",925,"1,150","1,350","1,340","1,241",950,"1,195","1,400","1,620","1,231",956,"1,195","1,400","1,710","1,243",979,"1,200","1,400","1,460","1,234",965,"1,150","1,400","1,520","1,226",965,"1,150","1,380","1,710","1,250",975,"1,200","1,400","2,270","1,318","1,000","1,225","1,495"
E09000007,Camden,"3,457","1,757","1,083","1,517","2,080","3,739","1,821","1,170","1,582","2,123","3,487","1,937","1,235","1,668","2,253","3,385","1,867","1,257","1,668","2,210","3,299","1,894","1,278","1,690","2,253","3,005","1,903","1,278","1,711","2,275","2,753","1,917","1,278","1,690","2,275","2,976","2,038","1,365","1,733","2,340","2,564","1,987","1,343","1,733","2,340","1,495","1,867","1,300","1,625","2,080","2,269","2,046","1,365","1,729","2,275","2,701","2,225","1,473","1,842","2,500","2,391","2,373","1,538","1,950","2,752","3,470","2,285","1,517","1,950","2,640","3,610","2,223","1,517","1,885","2,578","2,380","2,138","1,469","1,842","2,427","1,890","2,066","1,426","1,820","2,383","1,660","1,961","1,350","1,733","2,297","2,990","2,117","1,495","1,842","2,392","4,160","2,427","1,625","2,000","2,665"
E09000008,Croydon,"1,262",843,675,825,950,"1,684",859,675,850,"1,000","1,780",864,675,850,"1,000","1,634",870,675,850,"1,049","1,349",873,650,850,"1,100","1,350",884,675,880,"1,100","1,445",895,700,900,"1,100","1,432",898,700,900,"1,100","1,015",926,700,890,"1,100","1,243",916,700,875,"1,100","1,801",974,775,950,"1,150","2,013","1,056",830,"1,000","1,200","1,613","1,075",850,"1,025","1,250","1,100","1,102",860,"1,075","1,250","1,540","1,107",875,"1,100","1,300","1,350","1,104",875,"1,100","1,295","1,300","1,127",900,"1,100","1,300","2,010","1,144",900,"1,100","1,300","1,560","1,133",900,"1,100","1,275","1,850","1,112",900,"1,100","1,250"
E09000009,Ealing,"2,355","1,093",750,"1,000","1,300","1,909","1,123",750,"1,000","1,300","2,477","1,157",775,"1,062","1,365","2,610","1,160",758,"1,096","1,400","3,028","1,168",796,"1,100","1,388","3,071","1,178",800,"1,100","1,400","2,456","1,191",825,"1,148","1,400","2,606","1,229",875,"1,150","1,400","2,109","1,369",997,"1,250","1,582","1,813","1,440","1,050","1,300","1,690","1,617","1,338",950,"1,250","1,550","1,712","1,383","1,001","1,300","1,600","2,369","1,426","1,049","1,322","1,625","2,310","1,458","1,025","1,350","1,700","2,140","1,511","1,100","1,395","1,729","2,650","1,519","1,150","1,400","1,720","2,630","1,519","1,200","1,400","1,699","2,820","1,514","1,175","1,400","1,699","2,840","1,532","1,175","1,400","1,700","2,020","1,484","1,195","1,375","1,650"
E09000010,Enfield,"1,728",943,625,933,"1,192","1,664",958,650,949,"1,200","1,589",984,693,975,"1,200","1,488","1,046",778,"1,000","1,250","1,220","1,022",750,997,"1,200","1,093","1,051",750,"1,000","1,248","1,329","1,081",780,"1,000","1,250",944,"1,116",800,"1,050","1,300","1,127","1,125",850,"1,100","1,300","1,200","1,120",850,"1,100","1,300","1,355","1,150",867,"1,100","1,350","1,358","1,197",900,"1,175","1,365","1,427","1,270",950,"1,248","1,426","1,810","1,260",950,"1,250","1,450","1,950","1,330","1,000","1,250","1,500","1,770","1,389","1,000","1,300","1,500","1,590","1,339","1,050","1,275","1,500","1,170","1,324","1,050","1,250","1,500",500,"1,357","1,075","1,300","1,475",870,"1,325","1,050","1,275","1,500"
E09000011,Greenwich,"1,578",931,650,850,"1,150","1,399",959,675,850,"1,150","1,286",948,700,875,"1,200","1,209","1,004",725,875,"1,200","1,073","1,021",700,897,"1,200","1,092","1,055",700,948,"1,250","1,136","1,114",750,"1,000","1,300","1,011","1,093",750,"1,000","1,300","1,131","1,147",850,"1,100","1,343","1,049","1,192",875,"1,125","1,350","1,141","1,235",900,"1,200","1,495","1,282","1,252",900,"1,200","1,500","1,090","1,257",950,"1,200","1,495","1,380","1,342","1,000","1,275","1,550","1,540","1,379","1,050","1,300","1,600","1,250","1,384","1,062","1,300","1,600",870,"1,375","1,100","1,325","1,600",730,"1,434","1,150","1,350","1,650",880,"1,392","1,100","1,300","1,595","1,230","1,380","1,100","1,325","1,600"
E09000012,Hackney,"2,314","1,201",823,"1,148","1,517","2,309","1,223",845,"1,192","1,517","1,936","1,231",845,"1,192","1,517","1,767","1,249",845,"1,213","1,560","1,600","1,296",863,"1,300","1,625","1,357","1,342",900,"1,300","1,668","1,657","1,360",950,"1,300","1,690","1,592","1,380",997,"1,343","1,712","1,682","1,411","1,083","1,387","1,733","1,386","1,490","1,170","1,430","1,733","1,457","1,545","1,192","1,473","1,842","1,429","1,641","1,257","1,517","1,950","1,336","1,759","1,300","1,625","2,058","1,670","1,773","1,365","1,668","2,080","1,970","1,795","1,348","1,690","2,145","1,680","1,804","1,350","1,668","2,145","1,370","1,752","1,350","1,603","1,993","1,530","1,795","1,365","1,625","2,058","1,570","1,856","1,430","1,733","2,123","1,370","1,834","1,430","1,712","2,123"
E09000013,Hammersmith and Fulham,"1,452","1,454",870,"1,278","1,712","1,715","1,641","1,049","1,430","1,907","1,491","1,732","1,161","1,517","1,950","1,760","1,677","1,083","1,473","1,950","1,813","1,797","1,130","1,517","2,037","1,756","1,825","1,148","1,517","2,101","2,048","1,835","1,213","1,560","2,123","2,175","1,842","1,235","1,538","2,145","1,922","1,724","1,213","1,517","1,950","1,422","1,776","1,250","1,560","1,993","1,731","1,892","1,278","1,582","2,058","1,722","1,922","1,300","1,582","2,080","1,290","1,835","1,291","1,517","2,058","1,140","1,886","1,300","1,582","2,162","1,760","2,003","1,342","1,668","2,297","2,430","2,161","1,430","1,755","2,492","2,200","1,980","1,343","1,625","2,200","1,440","1,741","1,257","1,500","1,950","2,120","2,005","1,352","1,647","2,250","2,180","2,070","1,400","1,690","2,275"
E09000014,Haringey,"2,147","1,044",520,901,"1,300","2,196","1,058",563,962,"1,300","2,185","1,084",600,997,"1,300","1,923","1,117",693,"1,040","1,343","1,742","1,146",700,"1,083","1,387","1,501","1,147",650,"1,050","1,408","1,496","1,181",725,"1,100","1,473","1,189","1,280",800,"1,192","1,517","1,363","1,288",802,"1,200","1,517","1,371","1,332",975,"1,250","1,517","1,705","1,385","1,000","1,278","1,550","1,938","1,372",997,"1,300","1,599","2,144","1,473","1,083","1,350","1,700","2,310","1,523","1,127","1,400","1,712","2,450","1,489","1,148","1,400","1,675","2,220","1,518","1,150","1,400","1,685","1,850","1,507","1,150","1,400","1,668","1,290","1,496","1,192","1,400","1,690","1,050","1,520","1,220","1,425","1,733","1,550","1,513","1,203","1,425","1,712"
E09000015,Harrow,"1,546","1,077",810,"1,000","1,250","1,186","1,095",845,"1,027","1,300","1,489","1,114",850,"1,050","1,300","1,215","1,101",850,"1,050","1,300","1,227","1,082",850,"1,050","1,300","1,179","1,119",850,"1,050","1,300",829,"1,088",850,"1,050","1,300",949,"1,134",875,"1,095","1,350",864,"1,169",900,"1,148","1,400",688,"1,153",900,"1,150","1,385",890,"1,203",950,"1,200","1,400","1,597","1,272","1,000","1,250","1,499","2,023","1,326","1,050","1,275","1,535","2,190","1,370","1,100","1,300","1,550","1,860","1,406","1,150","1,350","1,600","1,590","1,417","1,150","1,350","1,650","1,670","1,390","1,150","1,350","1,600","1,760","1,361","1,100","1,300","1,600","1,900","1,359","1,100","1,300","1,600","2,080","1,396","1,150","1,350","1,600"
E09000016,Havering,976,849,675,800,950,997,864,700,835,975,942,864,695,825,975,904,863,700,825,995,831,863,700,825,975,776,885,723,850,"1,000",750,884,725,850,"1,000",884,887,725,850,"1,000",813,913,737,875,"1,050",551,919,723,862,"1,050",642,913,731,867,"1,100",733,958,775,925,"1,125",566,"1,004",800,950,"1,200",710,"1,027",825,"1,000","1,200",900,"1,028",850,"1,000","1,200",760,"1,061",893,"1,050","1,237",720,"1,103",910,"1,100","1,250",710,"1,135",925,"1,100","1,300",780,"1,135",900,"1,100","1,300",890,"1,131",925,"1,100","1,300"
E09000017,Hillingdon,"2,735",981,750,900,"1,150","2,210",982,750,925,"1,150","2,196","1,002",750,950,"1,200","2,546",949,725,900,"1,150","2,094",925,680,900,"1,150","2,542",930,650,900,"1,200","2,327",917,630,900,"1,150","2,284",940,600,900,"1,200","1,687",973,670,945,"1,200",874,"1,016",650,950,"1,250","1,411","1,117",800,"1,100","1,350","1,713","1,157",850,"1,138","1,350","1,316","1,226",935,"1,175","1,400","1,390","1,194",900,"1,150","1,400","1,310","1,159",825,"1,150","1,400","1,590","1,198",900,"1,170","1,400","1,690","1,239",950,"1,200","1,400","1,560","1,281",995,"1,200","1,475","1,350","1,245",970,"1,200","1,400","1,690","1,268","1,000","1,200","1,450"
E09000018,Hounslow,"2,668","1,112",750,975,"1,250","2,360","1,126",793,975,"1,250","2,173","1,152",800,"1,000","1,295","1,952","1,198",850,"1,100","1,350","2,170","1,151",850,"1,075","1,300","2,068","1,166",850,"1,100","1,300","1,838","1,229",875,"1,100","1,395","1,975","1,245",880,"1,127","1,400","1,479","1,361",950,"1,225","1,500",859,"1,395",950,"1,248","1,582",936,"1,381",975,"1,200","1,517","1,384","1,387","1,000","1,250","1,517","1,750","1,559","1,100","1,350","1,733","1,870","1,659","1,200","1,450","1,875","1,980","1,572","1,200","1,400","1,750","2,060","1,496","1,125","1,350","1,650","1,530","1,401","1,090","1,300","1,600","1,950","1,309","1,025","1,250","1,500","2,100","1,296","1,025","1,250","1,475","1,750","1,410","1,095","1,300","1,600"
E09000019,Islington,"3,250","1,418",953,"1,343","1,777","2,947","1,443","1,018","1,387","1,820","2,515","1,448","1,030","1,387","1,820","2,429","1,548","1,105","1,473","1,907","2,232","1,553","1,127","1,473","1,907","2,292","1,536","1,127","1,452","1,853","2,350","1,550","1,127","1,473","1,863","2,060","1,630","1,278","1,545","1,950","2,169","1,642","1,300","1,560","1,950","2,086","1,654","1,300","1,560","1,907","2,109","1,774","1,343","1,647","2,037","2,476","1,900","1,387","1,731","2,242","2,854","1,943","1,408","1,733","2,297","2,940","1,941","1,452","1,733","2,275","3,050","1,878","1,425","1,733","2,167","2,740","1,886","1,430","1,733","2,210","2,780","1,865","1,430","1,712","2,167","2,480","1,860","1,413","1,700","2,167","2,580","1,904","1,473","1,750","2,249","2,560","1,895","1,455","1,733","2,232"
E09000020,Kensington and Chelsea,"2,902","2,661","1,473","2,058","2,817","1,933","2,981","1,517","2,167","3,142","1,213","2,888","1,517","2,145","3,012","1,214","2,699","1,473","2,058","2,925","1,077","2,762","1,473","2,080","3,185","1,013","2,636","1,430","2,058","3,142","1,137","2,711","1,582","2,167","3,250","1,138","2,854","1,733","2,275","3,142","1,393","2,621","1,733","2,297","3,012","1,223","2,767","1,712","2,351","3,098","1,481","3,030","1,625","2,253","3,228","1,450","3,130","1,729","2,275","3,250","1,502","3,174","1,798","2,383","3,445","2,070","3,215","1,863","2,492","3,488","2,490","3,096","1,900","2,492","3,445","3,010","3,544","1,950","2,611","3,857","1,880","3,881","1,993","2,795","4,333",760,"2,882","1,675","2,253","3,142","1,360","3,173","1,733","2,383","3,467","2,170","3,208","1,777","2,427","3,489"
E09000021,Kingston upon Thames,"2,041",875,390,850,"1,158","2,020",945,412,897,"1,200","1,622",909,412,850,"1,195","1,050",955,412,850,"1,200","2,055",893,390,483,"1,248","1,893",774,379,412,"1,100","1,489",846,380,425,"1,200","1,989",964,390,850,"1,300",710,"1,377",950,"1,200","1,500",497,"1,378",950,"1,192","1,400","1,571","1,337","1,000","1,250","1,500","1,849","1,333",980,"1,250","1,500","1,158","1,473","1,075","1,350","1,675","2,020","1,453","1,075","1,300","1,650","2,030","1,425","1,075","1,295","1,600","1,000","1,417","1,079","1,300","1,650","1,280","1,407","1,100","1,300","1,600","1,110","1,406","1,100","1,300","1,600",560,"1,355","1,035","1,258","1,567",590,"1,396","1,075","1,300","1,595"
E09000022,Lambeth,"3,137","1,214",825,"1,148","1,499","2,844","1,251",890,"1,192","1,500","2,729","1,263",900,"1,200","1,500","2,639","1,297",900,"1,213","1,538","2,671","1,324",950,"1,235","1,560","2,582","1,349",950,"1,250","1,603","2,544","1,410","1,000","1,300","1,650","2,399","1,433","1,040","1,322","1,668","2,420","1,452","1,049","1,343","1,690","2,493","1,476","1,100","1,387","1,695","2,485","1,519","1,150","1,408","1,750","2,637","1,556","1,150","1,430","1,798","2,465","1,614","1,213","1,473","1,825","2,490","1,690","1,300","1,560","1,907","2,740","1,680","1,300","1,560","1,907","2,550","1,670","1,300","1,550","1,900","1,920","1,661","1,300","1,550","1,900","2,220","1,647","1,300","1,517","1,842","2,380","1,670","1,300","1,550","1,850","1,920","1,751","1,300","1,600","1,950"
E09000023,Lewisham,"2,332",884,650,849,"1,050","2,288",901,650,850,"1,100","2,338",916,650,850,"1,100","2,446",937,675,875,"1,125","2,534",967,720,900,"1,150","2,401",971,725,925,"1,150","2,361",985,736,950,"1,192","2,065",995,750,950,"1,180","1,804","1,020",750,950,"1,200","1,629","1,027",800,"1,000","1,235","2,188","1,065",800,"1,000","1,257","2,228","1,130",850,"1,100","1,300","1,323","1,183",900,"1,150","1,365","1,860","1,242",995,"1,200","1,450","2,260","1,271","1,000","1,250","1,475","1,820","1,307","1,075","1,257","1,500","1,360","1,314","1,100","1,275","1,500","1,680","1,306","1,078","1,300","1,500","1,980","1,280","1,050","1,275","1,480","1,940","1,318","1,050","1,275","1,500"
E09000024,Merton,"1,965","1,109",800,"1,000","1,300","2,096","1,098",800,"1,000","1,300","2,187","1,166",850,"1,100","1,350","1,946","1,255",900,"1,150","1,400","1,838","1,248",900,"1,138","1,400","1,668","1,295",900,"1,150","1,450","1,155","1,308",900,"1,150","1,450",977,"1,388",995,"1,250","1,550",756,"1,478","1,000","1,250","1,650",741,"1,622","1,080","1,321","1,800","1,067","1,487","1,100","1,300","1,650","1,233","1,519","1,100","1,325","1,650","1,345","1,643","1,150","1,400","1,798","1,280","1,625","1,150","1,400","1,795","1,390","1,678","1,248","1,450","1,850","1,540","1,608","1,200","1,400","1,795","1,310","1,551","1,200","1,400","1,750","1,500","1,584","1,200","1,400","1,750","1,370","1,576","1,200","1,400","1,750","1,460","1,542","1,200","1,400","1,750"
E09000025,Newham,"1,373",876,675,871,"1,100","1,312",902,725,900,"1,126","1,242",906,725,900,"1,127","1,048",914,725,899,"1,150","1,096",917,724,900,"1,127","1,011",915,700,900,"1,150",985,972,750,950,"1,200","1,212","1,049",800,"1,000","1,250","1,069","1,086",845,"1,096","1,300","1,079","1,034",797,"1,000","1,298","1,073","1,084",802,"1,049","1,300",910,"1,168",881,"1,160","1,400","1,122","1,235",910,"1,215","1,450","1,600","1,314","1,000","1,300","1,575","1,760","1,328","1,050","1,325","1,595","1,640","1,391","1,185","1,375","1,620","1,640","1,401","1,200","1,365","1,620","1,590","1,374","1,150","1,350","1,595","1,650","1,413","1,200","1,400","1,600","1,890","1,422","1,200","1,400","1,650"
E09000026,Redbridge,"1,941",899,675,850,"1,100","1,863",928,700,897,"1,127","1,753",915,700,875,"1,125","1,685",926,698,875,"1,150","1,648",936,700,900,"1,150","1,462",956,725,900,"1,150","1,512",957,722,900,"1,200","1,456",960,725,900,"1,196","1,447",986,750,932,"1,200","1,518","1,017",750,925,"1,200","1,277","1,003",750,925,"1,200","1,233","1,090",830,"1,050","1,300","1,401","1,140",850,"1,100","1,350","1,470","1,199",900,"1,150","1,400","1,590","1,241",950,"1,200","1,450","1,520","1,253","1,000","1,200","1,450","1,630","1,260","1,000","1,200","1,450","1,380","1,270","1,000","1,200","1,475","1,330","1,267","1,000","1,203","1,450","1,610","1,303","1,050","1,250","1,500"
E09000027,Richmond upon Thames,"2,386","1,185",672,"1,050","1,400","2,710","1,286",775,"1,150","1,500","2,473","1,301",795,"1,150","1,500","2,565","1,315",825,"1,150","1,525","2,198","1,520",975,"1,275","1,733","1,700","1,470",950,"1,250","1,695","1,741","1,521",925,"1,275","1,795","1,648","1,677","1,080","1,400","1,950","2,008","1,740","1,100","1,450","2,000","2,316","1,860","1,200","1,500","2,075","2,359","1,917","1,250","1,500","2,100","2,038","2,021","1,295","1,556","2,253","2,418","2,077","1,300","1,600","2,350","2,690","2,036","1,300","1,595","2,250","2,370","1,995","1,300","1,595","2,250","2,310","1,830","1,257","1,500","2,000","1,830","1,671","1,200","1,430","1,800","1,880","1,891","1,295","1,525","2,000","1,250","2,000","1,350","1,600","2,250","1,890","1,896","1,300","1,600","2,000"
E09000028,Southwark,"3,038","1,248",850,"1,170","1,560","3,139","1,282",880,"1,200","1,612","2,851","1,287",895,"1,200","1,625","2,910","1,292",875,"1,192","1,603","2,911","1,332",900,"1,213","1,647","2,911","1,360",916,"1,250","1,690","2,829","1,352",916,"1,250","1,668","2,593","1,447","1,000","1,343","1,756","2,297","1,455","1,018","1,350","1,750","2,238","1,502","1,100","1,408","1,798","2,480","1,496","1,148","1,408","1,777","2,309","1,540","1,200","1,430","1,800","1,997","1,662","1,257","1,525","1,950","2,700","1,600","1,200","1,473","1,850","3,190","1,601","1,200","1,473","1,860","3,120","1,653","1,275","1,500","1,900","2,550","1,629","1,257","1,495","1,880","2,710","1,623","1,289","1,500","1,846","2,650","1,705","1,349","1,560","1,950","2,720","1,676","1,300","1,525","1,907"
E09000029,Sutton,"1,055",846,659,790,925,"1,371",837,675,775,925,"1,000",855,675,800,950,971,876,675,825,975,608,930,710,850,"1,050",553,939,725,880,"1,050",530,933,720,900,"1,100",586,938,710,900,"1,100",601,979,750,925,"1,150",610,972,775,900,"1,100",872,"1,003",775,950,"1,195",948,"1,044",800,997,"1,200",637,"1,104",850,"1,050","1,250",810,"1,119",875,"1,075","1,250","1,290","1,158",900,"1,100","1,300","1,150","1,159",900,"1,100","1,300","1,020","1,139",925,"1,100","1,250","1,090","1,137",925,"1,100","1,250",810,"1,114",925,"1,075","1,225","1,040","1,130",925,"1,100","1,250"
E09000030,Tower Hamlets,"3,324","1,304","1,018","1,278","1,560","2,787","1,336","1,018","1,300","1,603","2,559","1,343","1,040","1,300","1,625","1,797","1,369","1,018","1,300","1,625","1,380","1,329",975,"1,300","1,603","1,628","1,366",975,"1,322","1,668","1,886","1,445","1,083","1,400","1,733","2,754","1,578","1,235","1,517","1,804","3,160","1,592","1,257","1,517","1,820","2,692","1,455","1,127","1,400","1,690","2,314","1,482","1,148","1,408","1,733","2,308","1,603","1,213","1,500","1,867","2,316","1,660","1,257","1,517","1,950","2,430","1,733","1,375","1,625","1,993","2,810","1,751","1,387","1,647","1,998","2,750","1,801","1,430","1,675","2,014","2,510","1,768","1,408","1,647","1,978","2,490","1,739","1,387","1,610","1,993","2,780","1,762","1,400","1,647","1,993","2,790","1,773","1,408","1,647","1,993"
E09000031,Waltham Forest,"1,571",910,715,875,"1,100","1,605",939,750,900,"1,127","1,656",932,750,900,"1,100","1,548",925,750,900,"1,100","1,366",927,750,900,"1,100","1,524",932,750,900,"1,100","1,339",944,750,900,"1,100","1,378",968,780,931,"1,150","1,461","1,016",800,975,"1,200","1,540","1,026",800,"1,000","1,200","1,094","1,036",800,"1,000","1,230","1,023","1,149",901,"1,101","1,300","1,241","1,198",950,"1,150","1,350","1,470","1,230","1,000","1,200","1,400","1,550","1,271","1,000","1,225","1,450","1,450","1,312","1,050","1,250","1,500","1,410","1,304","1,100","1,250","1,450","1,350","1,300","1,050","1,250","1,460","1,530","1,303","1,050","1,275","1,475","1,580","1,314","1,075","1,295","1,500"
E09000032,Wandsworth,"3,964","1,345",950,"1,278","1,603","3,902","1,346",950,"1,257","1,603","3,475","1,333",950,"1,275","1,603","3,605","1,421","1,001","1,300","1,668","3,639","1,437","1,050","1,325","1,690","3,709","1,525","1,100","1,387","1,750","3,836","1,649","1,200","1,473","1,847","3,717","1,691","1,235","1,500","1,863","4,227","1,682","1,250","1,500","1,863","4,444","1,659","1,249","1,499","1,870","4,173","1,670","1,252","1,515","1,898","4,010","1,768","1,350","1,582","1,993","3,227","1,863","1,400","1,647","2,100","3,060","1,889","1,400","1,650","2,145","3,320","1,819","1,400","1,647","2,080","3,290","1,853","1,408","1,650","2,115","2,750","1,887","1,400","1,668","2,167","3,060","1,873","1,400","1,650","2,123","3,970","1,855","1,400","1,650","2,100","3,980","1,828","1,400","1,650","2,080"
E09000033,Westminster,"3,570","2,359","1,430","1,907","2,643","3,135","2,425","1,473","1,950","2,708","2,804","2,411","1,473","1,931","2,676","3,299","2,399","1,430","1,950","2,708","2,688","2,482","1,408","1,950","2,817","2,618","2,428","1,430","1,950","2,817","2,759","2,362","1,452","1,907","2,708","3,007","2,382","1,517","1,950","2,643","3,167","2,272","1,517","1,950","2,600","1,811","2,328","1,500","1,950","2,640","2,665","2,651","1,582","2,145","2,882","2,999","2,990","1,733","2,383","3,250","2,754","3,106","1,733","2,318","3,426","4,020","2,956","1,820","2,383","3,250","4,430","2,822","1,777","2,318","3,142","4,130","2,784","1,733","2,275","3,033","2,830","2,853","1,733","2,265","3,033","2,710","2,784","1,733","2,265","3,033","3,100","2,709","1,755","2,275","3,023","3,190","2,832","1,733","2,275","3,133"
,,,,,,,,,,,,,,,,,,,,,,,,,,,,,,,,,,,,,,,,,,,,,,,,,,,,,,,,,,,,,,,,,,,,,,,,,,,,,,,,,,,,,,,,,,,,,,,,,,,,,
E13000001,Inner London,"36,369","1,503",888,"1,278","1,733","34,352","1,525",910,"1,300","1,750","30,914","1,507",910,"1,300","1,733","30,338","1,543",950,"1,300","1,820","28,787","1,557",950,"1,300","1,820","27,901","1,571",975,"1,350","1,842","28,789","1,609","1,030","1,408","1,885","29,042","1,687","1,105","1,473","1,950","29,420","1,675","1,150","1,500","1,950","25,536","1,633","1,127","1,450","1,878","28,289","1,750","1,170","1,500","1,950","29,260","1,876","1,235","1,560","2,102","26,834","1,967","1,300","1,625","2,200","31,840","2,008","1,325","1,668","2,275","35,920","1,969","1,340","1,668","2,232","33,870","2,050","1,365","1,699","2,275","27,570","2,000","1,350","1,647","2,167","25,660","1,846","1,300","1,600","2,058","30,230","1,934","1,365","1,650","2,167","32,520","2,028","1,393","1,700","2,250"
E13000002,Outer London,"35,463","1,021",700,900,"1,200","34,297","1,048",725,938,"1,235","33,508","1,071",750,950,"1,250","32,119","1,094",750,975,"1,278","30,742","1,105",750,997,"1,300","28,505","1,093",750,995,"1,300","26,529","1,108",750,"1,000","1,300","26,206","1,134",775,"1,000","1,300","22,888","1,204",825,"1,100","1,365","20,400","1,245",850,"1,100","1,400","24,485","1,276",875,"1,150","1,450","27,856","1,308",925,"1,200","1,473","28,125","1,398",995,"1,250","1,550","30,970","1,438","1,000","1,300","1,600","32,030","1,428","1,040","1,300","1,600","30,800","1,415","1,050","1,300","1,600","27,850","1,372","1,050","1,295","1,550","28,240","1,385","1,050","1,295","1,550","26,530","1,388","1,050","1,300","1,550","29,270","1,394","1,060","1,300","1,560"
,,,,,,,,,,,,,,,,,,,,,,,,,,,,,,,,,,,,,,,,,,,,,,,,,,,,,,,,,,,,,,,,,,,,,,,,,,,,,,,,,,,,,,,,,,,,,,,,,,,,,
E12000001,North East,"22,053",478,395,450,550,"22,400",478,395,450,550,"20,655",471,390,450,545,"21,035",468,390,450,525,"20,879",471,390,450,525,"20,951",471,390,450,525,"20,988",476,395,450,550,"20,323",477,395,450,550,"19,993",479,395,450,550,"22,417",482,395,450,550,"24,133",490,400,465,550,"23,923",497,400,475,550,"24,912",499,400,475,550,"24,830",505,400,475,560,"25,470",528,412,480,575,"28,690",539,423,495,595,"29,820",529,401,495,595,"28,320",531,400,495,595,"29,090",539,425,495,595,"28,550",541,420,495,595
E12000002,North West,"72,904",520,400,495,595,"73,093",521,400,495,595,"69,243",521,400,495,595,"64,961",524,400,495,595,"63,031",522,400,495,595,"64,541",524,400,495,595,"63,023",525,400,495,595,"63,265",527,400,495,595,"62,985",527,400,495,595,"63,896",532,410,495,600,"62,795",541,420,500,600,"64,754",554,425,510,625,"64,473",563,425,525,630,"66,340",567,425,525,650,"69,900",574,433,525,650,"72,290",584,450,535,650,"73,250",592,450,550,650,"73,330",603,450,550,675,"73,850",605,450,550,695,"71,440",610,450,550,695
E12000003,Yorkshire and The Humber,"49,403",496,385,455,550,"49,357",509,390,470,560,"48,989",525,395,475,575,"48,561",541,395,475,595,"47,991",543,395,475,590,"50,982",548,395,475,595,"51,474",546,395,475,595,"51,659",548,400,485,595,"49,939",534,395,480,595,"50,853",535,395,480,595,"54,324",553,400,495,595,"52,554",554,400,495,595,"50,884",557,425,498,600,"50,860",556,425,500,615,"52,140",559,425,500,625,"47,590",573,425,520,645,"46,520",583,430,525,650,"48,310",585,433,525,650,"48,150",587,433,525,650,"48,330",609,450,535,675
E12000004,East Midlands,"54,133",509,400,495,575,"54,883",510,400,495,575,"51,250",514,400,495,575,"50,775",521,412,495,590,"50,276",521,412,495,595,"49,163",526,420,495,595,"49,036",529,425,500,595,"48,017",527,425,500,595,"48,501",530,425,500,595,"49,083",537,425,500,600,"51,918",542,425,517,600,"54,083",550,425,525,625,"51,292",555,430,525,625,"50,420",565,440,530,650,"51,730",576,450,550,650,"49,580",584,450,550,650,"45,780",595,450,550,675,"41,070",601,450,570,692,"37,610",616,475,575,695,"44,980",623,475,595,700
E12000005,West Midlands,"40,483",533,425,500,595,"40,211",531,425,500,595,"41,663",536,425,510,595,"43,397",539,425,520,600,"40,155",544,425,525,600,"38,118",545,425,525,600,"34,785",550,425,525,625,"34,678",552,425,525,625,"36,732",554,425,525,625,"38,318",567,450,530,650,"40,863",577,450,550,650,"42,070",587,450,550,650,"42,403",595,450,550,675,"44,610",607,475,565,680,"43,310",620,475,575,695,"38,540",623,475,575,695,"37,460",631,495,595,700,"41,910",639,495,595,725,"43,120",643,500,600,725,"45,340",651,500,600,735
E12000006,East,"57,278",655,480,595,750,"55,367",652,485,595,750,"53,615",662,495,595,750,"55,243",659,495,595,750,"55,133",656,495,595,750,"56,569",669,495,600,750,"50,694",674,500,600,750,"47,486",677,500,600,775,"47,438",676,500,600,775,"52,077",690,500,625,790,"45,362",705,525,625,800,"43,005",727,545,650,825,"46,202",750,550,656,850,"47,910",786,570,695,900,"52,130",815,580,725,950,"53,050",835,595,750,975,"51,860",846,600,750,995,"50,550",859,615,775,"1,000","49,520",859,625,775,"1,000","55,500",863,625,795,"1,000"
E12000007,London,"71,832","1,265",758,"1,075","1,495","68,649","1,286",795,"1,095","1,500","64,422","1,281",800,"1,100","1,500","62,457","1,312",815,"1,118","1,517","59,529","1,324",825,"1,148","1,517","56,406","1,329",825,"1,150","1,560","55,318","1,369",850,"1,196","1,600","55,248","1,425",900,"1,250","1,650","52,308","1,468",950,"1,300","1,725","45,936","1,461",953,"1,300","1,690","52,774","1,530","1,000","1,300","1,733","57,116","1,599","1,050","1,350","1,798","54,959","1,676","1,100","1,400","1,850","62,810","1,727","1,150","1,452","1,950","67,940","1,714","1,170","1,473","1,950","64,670","1,748","1,200","1,495","1,950","55,430","1,685","1,175","1,433","1,842","53,900","1,605","1,150","1,400","1,795","56,760","1,679","1,200","1,473","1,863","61,790","1,727","1,200","1,495","1,900"
E12000008,South East,"80,789",808,565,700,895,"78,250",815,575,700,900,"78,088",821,575,725,900,"79,897",823,575,725,900,"80,138",825,575,725,900,"79,099",829,575,725,925,"79,382",834,575,725,925,"76,364",849,595,750,950,"78,419",857,595,750,950,"76,745",864,600,750,950,"75,390",873,605,760,975,"79,460",891,625,779,995,"81,030",927,650,800,"1,050","78,320",959,650,845,"1,100","82,270",984,675,850,"1,150","88,160",994,695,875,"1,150","83,060",979,695,875,"1,150","81,850",989,700,875,"1,150","80,170",984,700,875,"1,125","79,750",980,700,875,"1,125"
E12000009,South West,"78,840",639,485,595,705,"75,987",647,495,595,725,"76,169",652,495,595,725,"74,642",658,495,600,730,"73,992",659,495,600,750,"74,857",660,499,600,750,"69,974",665,500,610,750,"70,041",667,500,615,750,"71,185",684,520,625,750,"78,331",693,525,635,775,"81,441",695,525,650,775,"76,634",708,535,650,795,"70,248",718,545,650,795,"66,340",731,550,650,800,"64,990",748,550,675,825,"69,410",770,550,695,850,"64,510",765,560,695,850,"62,940",795,575,700,875,"68,050",796,575,700,875,"69,300",784,575,700,875
,,,,,,,,,,,,,,,,,,,,,,,,,,,,,,,,,,,,,,,,,,,,,,,,,,,,,,,,,,,,,,,,,,,,,,,,,,,,,,,,,,,,,,,,,,,,,,,,,,,,,
E92000001,England,"527,715",694,450,570,750,"518,197",696,450,575,750,"504,094",698,450,575,775,"500,968",705,450,575,775,"491,124",706,450,575,775,"490,686",705,450,575,775,"474,674",714,450,575,795,"467,081",724,450,585,795,"467,500",728,455,595,800,"477,656",720,465,595,795,"489,000",742,475,595,800,"493,599",768,475,600,850,"486,403",788,494,625,850,"492,430",820,495,650,900,"509,880",839,500,650,950,"511,980",852,500,675,950,"487,680",831,500,675,950,"482,170",829,520,675,950,"486,310",844,525,690,950,"504,970",858,525,695,975
